name,Gun,Knife,Wrench,Pliers,Scissors
P00566,-1,1,-1,-1,-1
P00669,-1,1,-1,-1,-1
P08620,-1,-1,1,1,-1
P08917,1,-1,-1,-1,1
P01709,1,-1,-1,1,-1
P00202,1,1,-1,-1,-1
P06909,-1,-1,-1,-1,1
P06197,-1,-1,1,-1,-1
N1007696,-1,-1,-1,-1,-1
N0370066,-1,-1,-1,-1,-1
N0749167,-1,-1,-1,-1,-1
N1035951,-1,-1,-1,-1,-1
N0103026,-1,-1,-1,-1,-1
N0897031,-1,-1,-1,-1,-1
N0684752,-1,-1,-1,-1,-1
N1049127,-1,-1,-1,-1,-1
N0427615,-1,-1,-1,-1,-1
N0332647,-1,-1,-1,-1,-1
N0638546,-1,-1,-1,-1,-1
N0660795,-1,-1,-1,-1,-1
N0978345,-1,-1,-1,-1,-1
N0058142,-1,-1,-1,-1,-1
N0442339,-1,-1,-1,-1,-1
N0663986,-1,-1,-1,-1,-1
N0816138,-1,-1,-1,-1,-1
N0765855,-1,-1,-1,-1,-1
N0437891,-1,-1,-1,-1,-1
N0165996,-1,-1,-1,-1,-1
N0305017,-1,-1,-1,-1,-1
N0442838,-1,-1,-1,-1,-1
N0841844,-1,-1,-1,-1,-1
N0903482,-1,-1,-1,-1,-1
N0841856,-1,-1,-1,-1,-1
N0452410,-1,-1,-1,-1,-1
N0342744,-1,-1,-1,-1,-1
N0683887,-1,-1,-1,-1,-1
N0839505,-1,-1,-1,-1,-1
N0479108,-1,-1,-1,-1,-1
N0616134,-1,-1,-1,-1,-1
N0429547,-1,-1,-1,-1,-1
N0052840,-1,-1,-1,-1,-1
N0285491,-1,-1,-1,-1,-1
N0649176,-1,-1,-1,-1,-1
N0697232,-1,-1,-1,-1,-1
N0601492,-1,-1,-1,-1,-1
N0640033,-1,-1,-1,-1,-1
N0913356,-1,-1,-1,-1,-1
N0929065,-1,-1,-1,-1,-1
N0291484,-1,-1,-1,-1,-1
N0201340,-1,-1,-1,-1,-1
N0587135,-1,-1,-1,-1,-1
N0193336,-1,-1,-1,-1,-1
N0181712,-1,-1,-1,-1,-1
N0408720,-1,-1,-1,-1,-1
N0801911,-1,-1,-1,-1,-1
N0451439,-1,-1,-1,-1,-1
N0878723,-1,-1,-1,-1,-1
N0875101,-1,-1,-1,-1,-1
N0658973,-1,-1,-1,-1,-1
N0375377,-1,-1,-1,-1,-1
N0301761,-1,-1,-1,-1,-1
N0644451,-1,-1,-1,-1,-1
N0339062,-1,-1,-1,-1,-1
N0722267,-1,-1,-1,-1,-1
N0064915,-1,-1,-1,-1,-1
N0706215,-1,-1,-1,-1,-1
N0287131,-1,-1,-1,-1,-1
N0117478,-1,-1,-1,-1,-1
N0441379,-1,-1,-1,-1,-1
N0607723,-1,-1,-1,-1,-1
N0526389,-1,-1,-1,-1,-1
N0299203,-1,-1,-1,-1,-1
N0307374,-1,-1,-1,-1,-1
N0644209,-1,-1,-1,-1,-1
N0710551,-1,-1,-1,-1,-1
N0688497,-1,-1,-1,-1,-1
N0767418,-1,-1,-1,-1,-1
N0513728,-1,-1,-1,-1,-1
N0870382,-1,-1,-1,-1,-1
N0992598,-1,-1,-1,-1,-1
N0938061,-1,-1,-1,-1,-1
N0324835,-1,-1,-1,-1,-1
N0660316,-1,-1,-1,-1,-1
N0301534,-1,-1,-1,-1,-1
N0243973,-1,-1,-1,-1,-1
N0834184,-1,-1,-1,-1,-1
N0517990,-1,-1,-1,-1,-1
N0917038,-1,-1,-1,-1,-1
